iter	RMSE
0	2.756476778
1	2.498310613
2	2.365596146
3	2.282443894
4	2.238412629
5	2.191287121
6	2.162627371
7	2.146941347
8	2.133463587
9	2.121718724
10	2.115864545
11	2.108373187
12	2.102509356
13	2.098686664
14	2.093433264
15	2.089828129
